,specfile,restwave,zsys,col,sigcol,bval,sigbval,vel,sigvel,nflag,bflag,vflag,vlim1,vlim2,wobs1,wobs2,pix1,pix2,z_comp,trans,rely,comment 
0,/Users/samgarza/Dropbox/COS-HolesHSTdata/J1235+1123/J1235+1123_twovisits_m3_jwnorm.fits,1548.204,-1e-05,14.218,0.029,48.143,3.92,18.541,2.873,2,2,2,-74.0945,74.0945,1547.800549419196,1548.5658348572838,4492,4513,5e-05,C IV,a,-- 
1,/Users/samgarza/Dropbox/COS-HolesHSTdata/J1235+1123/J1235+1123_twovisits_m3_jwnorm.fits,1550.781,-1e-05,14.218,0.0,48.143,0.0,18.541,0.0,2,2,2,-74.0945,74.0945,1550.376877871941,1551.143437134779,4562,4583,5e-05,C IV,a,-- 
2,/Users/samgarza/Dropbox/COS-HolesHSTdata/J1235+1123/J1235+1123_twovisits_m3_jwnorm.fits,1670.7886,-1e-05,13.858,0.464,26.167,6.879,-1.303,2.599,2,2,2,-46.3091,46.3091,1670.507154774128,1671.0233299766162,7836,7850,-2e-05,AlII,c,-- 
3,/Users/samgarza/Dropbox/COS-HolesHSTdata/J1235+1123/J1235+1123_twovisits_m3_jwnorm.fits,1393.7602,-4e-05,13.378,0.061,41.918,8.456,2.961,5.317,2,2,2,-59.044,59.044,1393.4285414020983,1393.9775423862975,284,299,-3e-05,SiIV,c,-- 
4,/Users/samgarza/Dropbox/COS-HolesHSTdata/J1235+1123/J1235+1123_twovisits_m3_jwnorm.fits,1402.7729,-4e-05,13.378,0.0,41.918,0.0,2.961,0.0,2,2,2,-59.044,59.044,1402.439096743752,1402.9916478229898,530,545,-3e-05,SiIV,c,-- 
5,/Users/samgarza/Dropbox/COS-HolesHSTdata/J1235+1123/J1235+1123_twovisits_m3_jwnorm.fits,1393.7602,0.00039,13.082,0.1,17.4,7.033,-18.77,4.3,3,3,3,-64.8327,64.8327,1393.9990784991928,1394.6019037838669,300,316,0.00033,SiIV,c,-- 
6,/Users/samgarza/Dropbox/COS-HolesHSTdata/J1235+1123/J1235+1123_twovisits_m3_jwnorm.fits,1402.7729,0.00039,13.082,0.0,17.4,0.0,-18.77,0.0,3,3,3,-64.8327,64.8327,1403.0133231983812,1403.6200466309886,545,562,0.00033,SiIV,c,-- 
7,/Users/samgarza/Dropbox/COS-HolesHSTdata/J1235+1123/J1235+1123_twovisits_m3_jwnorm.fits,1526.707,-0.00015,14.379,0.04,44.592,5.426,15.052,3.594,2,2,2,-69.4636,69.4636,1526.119667223523,1526.8271604344775,3901,3920,-0.0001,SiII,b,-- 
8,/Users/samgarza/Dropbox/COS-HolesHSTdata/J1235+1123/J1235+1123_twovisits_m3_jwnorm.fits,1526.707,0.00022,13.664,0.139,13.921,9.057,-1.919,5.068,3,3,3,-35.8895,35.8895,1526.8625340604349,1527.2280719478256,3921,3931,0.00022,SiII,c,-- 
